{
  "assetsByChunkName": {
    "vendors~app-account~app-confirmation~app-order": "chunk.9b0f36aaf21fc3fc38fb.js",
    "vendors~app-account~app-checkout": "chunk.99cb522668c2b9d28772.js",
    "vendors~app-cart~app-checkout": "chunk.faffb618f61b3074d725.js",
    "admin": [
      "admin.dcd3d993f7d8277b289e.js",
      "admin.dcd3d993f7d8277b289e.js.map"
    ],
    "app-account": "chunk.d76250024d597f8a8531.js",
    "app-checkout": "chunk.d75afd7bcaf6e6ac7519.js",
    "app-confirmation": "chunk.5a8366f3c67809d87d2b.js",
    "checkout": [
      "checkout.5094921e8c8d57bf47bb.js",
      "checkout.5094921e8c8d57bf47bb.js.map"
    ],
    "storefront": [
      "storefront.ad6a3881378fc12c0722.css",
      "storefront.e7858c4af761b6d8fc3d.js",
      "storefront.ad6a3881378fc12c0722.css.map",
      "storefront.e7858c4af761b6d8fc3d.js.map"
    ],
    "vendors~app-cart": "chunk.7bdb76721e6757c0c3ad.js",
    "vendors~app-order": "chunk.44ce340eace0e4065f1c.js"
  }
}